1,"Test Milestone 1","Reward 1",10.11,1
2,"Test Milestone 2","Reward 2",5,1
3,"Test Milestone 1","Reward 1",10.11,2
4,"Test Milestone 2","Reward 2",5,2
5,4,"Test Milestone 1","Reward 1",10.11
6,4,"Test Milestone 2","Reward 2",5
7,5,"Test Milestone 1","Reward 1",10.11
8,5,"Test Milestone 2","Reward 2",5
9,6,"Test Milestone 1","Reward 1",10.11
10,6,"Test Milestone 2","Reward 2",5
11,7,"Test Milestone 1","Reward 1",10.11
12,8,"Test Milestone 1","Reward 1",10.11
13,9,"Test Milestone 1","Reward 1",10.11
14,10,"Test Milestone 1","Reward 1",10.11
15,11,"Test Milestone 1","Reward 1",10.11
16,11,"Test Milestone 2","Reward 2",5
17,12,"Test Milestone 1","Reward 1",10.11
18,12,"Test Milestone 2","Reward 2",5
19,13,"Test Milestone 1","Reward 1",10.11
20,13,"Test Milestone 2","Reward 2",5
21,14,"Test Milestone 1","Reward 1",10.11
22,14,"Test Milestone 2","Reward 2",5
23,15,"Test Milestone 1","Reward 1",10.11
24,15,"Test Milestone 2","Reward 2",5
25,16,"Test Milestone 1","Reward 1",10.11
26,16,"Test Milestone 2","Reward 2",5
27,17,"Test Milestone 1","Reward 1",10.11
28,17,"Test Milestone 2","Reward 2",5
29,18,"Test Milestone 1","Reward 1",10.11
30,18,"Test Milestone 2","Reward 2",5
31,19,"Test Milestone 1","Reward 1",10.11
32,19,"Test Milestone 2","Reward 2",5
33,20,"Test Milestone 1","Reward 1",10.11
34,20,"Test Milestone 2","Reward 2",5
35,21,"Test Milestone 1","Reward 1",10.11
36,21,"Test Milestone 2","Reward 2",5
37,22,"Test Milestone 1","Reward 1",10.11
38,22,"Test Milestone 2","Reward 2",5
